IdTenrac,Nom,Prenom,Courriel,Tel,Adresse,IdOrganisme,IdDignit√©,idGroupe,IdRang,IdTitre,IdGrade
TEN_01,Dupont,Jean,j.dup@mail.com,6010101,10 Rue Paix,ORG_01,,GRP_A,RNG_01,,GRA_01
TEN_02,Martin,Alice,a.mar@mail.com,6020202,5 Av Lib,ORG_02,,GRP_B,,,GRA_01
TEN_03,Smith,John,j.smith@mail.com,6030303,2 Bd Hugo,ORG_01,,GRP_A,RNG_02,,GRA_01
TEN_04,Bernard,Paul,p.bern@mail.com,6040404,8 Impasse,ORG_03,,GRP_C,,,GRA_02
TEN_05,Petit,Julie,j.petit@mail.com,6050505,12 Rue Mer,ORG_04,,GRP_B,,,GRA_02
TEN_06,Robert,Luc,l.rob@mail.com,6060606,4 Av Gare,ORG_05,,GRP_A,,TIT_01,GRA_03
TEN_07,Richard,Emma,e.rich@mail.com,6070707,9 Bd Sud,ORG_06,DIG_01,GRP_C,,,GRA_03
TEN_08,Durand,Tom,t.dur@mail.com,6080808,3 Rue Est,ORG_06,DIG_01,GRP_A,RNG_01,,GRA_03
TEN_09,Moreau,Lea,l.mor@mail.com,6090909,7 Av Nord,ORG_04,DIG_01,GRP_B,RNG_01,,GRA_04
TEN_10,Simon,Hugo,h.sim@mail.com,6101010,1 Rue Ouest,ORG_02,DIG_01,GRP_A,RNG_01,,GRA_04
TEN_11,Laurent,Chloe,c.lau@mail.com,6111111,6 Bd Centre,ORG_03,DIG_02,GRP_C,,TIT_02,GRA_05
TEN_12,Michel,Lucas,l.mic@mail.com,6121212,11 Av Parc,ORG_01,DIG_02,GRP_B,,TIT_02,GRA_05
TEN_13,Garcia,Ines,i.gar@mail.com,6131313,2 Rue Fleur,ORG_05,DIG_02,GRP_A,RNG_02,TIT_01,GRA_06
TEN_14,Thomas,Leo,l.tho@mail.com,6141414,5 Av Bois,ORG_02,DIG_03,GRP_B,RNG_02,TIT_03,GRA_06
TEN_15,David,Manon,m.dav@mail.com,6151515,8 Bd Lac,ORG_06,DIG_03,GRP_C,RNG_02,TIT_03,GRA_07